<manifest alg="2" build="751" opt="false" iceEnabled="true">
  <folder name="css">
    <file name="site_global.css" crc="3788818312"/>
    <file name="master_parallax-master.css" crc="161214210" ref="index:short-codes"/>
    <file name="index.css" crc="3768064025" ref="index"/>
    <file name="iefonts_index.css" crc="133024075" ref="index"/>
    <file name="short-codes.css" crc="4247661357" ref="short-codes"/>
  </folder>
  <folder name="scripts">
    <file name="jquery-1.8.3.min.js" crc="209076791" ref="short-codes:index"/>
    <file name="museutils.js" crc="3992981318" ref="short-codes:index"/>
    <file name="pie.js" crc="3827607177" ref="short-codes:index"/>
    <file name="jquery.tobrowserwidth.js" crc="317228635" ref="short-codes:index"/>
    <file name="webpro.js" crc="197321703" ref="short-codes:index"/>
    <file name="musewpslideshow.js" crc="4283859919" ref="short-codes:index"/>
    <file name="jquery.museoverlay.js" crc="3836522771" ref="short-codes:index"/>
    <file name="touchswipe.js" crc="4156838003" ref="short-codes:index"/>
    <file name="jquery.musepolyfill.bgsize.js" crc="3956991090" ref="short-codes:index"/>
    <file name="jquery.watch.js" crc="4068933136" ref="short-codes:index"/>
    <file name="jquery.scrolleffects.js" crc="4278609653" ref="index"/>
    <file name="musewpdisclosure.js" crc="4285748861" ref="index"/>
    <file name="form_check.php" crc="462547881" ref="index"/>
    <file name="form_throttle.php" crc="461893632" ref="index"/>
    <file name="form-u3785.php" crc="68261337" ref="index"/>
  </folder>
  <folder name="images">
    <file name="bg.jpg" crc="4256393391" ref="short-codes:index"/>
    <file name="icon6.png" crc="3835387826" ref="short-codes:index"/>
    <file name="1600x900.gif" crc="4172924070" ref="short-codes:index"/>
    <file name="points.png" crc="281080045" ref="short-codes"/>
    <file name="448x292.gif" crc="134865120" ref="short-codes"/>
    <file name="point.png" crc="4184286094" ref="short-codes:index"/>
    <file name="292x292.gif" crc="4092429525" ref="short-codes:index"/>
    <file name="214x214.gif" crc="4015465708" ref="short-codes"/>
    <file name="bg1.jpg" crc="3997766377" ref="short-codes"/>
    <file name="bg2.jpg" crc="347988577" ref="short-codes:index"/>
    <file name="blank.gif" crc="4208392903" ref="short-codes:index"/>
    <file name="loading.gif" crc="3815509949" ref="short-codes:index"/>
    <file name="icn-01.png" crc="3860407208" ref="short-codes:index"/>
    <file name="icn-02.png" crc="60104645" ref="short-codes:index"/>
    <file name="icn-03.png" crc="4129462578" ref="short-codes:index"/>
    <file name="icn-04.png" crc="410489045" ref="short-codes"/>
    <file name="icn-05.png" crc="519742549" ref="short-codes"/>
    <file name="icn-06.png" crc="46518235" ref="short-codes"/>
    <file name="icn-07.png" crc="534722523" ref="short-codes"/>
    <file name="icn-01-2.png" crc="3906590316" ref="short-codes:index"/>
    <file name="icn-02-2.png" crc="102664483" ref="short-codes:index"/>
    <file name="icn-03-2.png" crc="155377531" ref="short-codes:index"/>
    <file name="icn-04-2.png" crc="4040209866" ref="short-codes:index"/>
    <file name="icn-05-2.png" crc="360402170" ref="short-codes:index"/>
    <file name="icn-06-2.png" crc="4158399442" ref="short-codes:index"/>
    <file name="icn-07-2.png" crc="4207174976" ref="short-codes"/>
    <file name="logo.png" crc="4156808298" ref="short-codes:index"/>
    <file name="down-black-u6403-fr.png" crc="293213069" ref="index"/>
    <file name="icon7.png" crc="4106931704" ref="index"/>
    <file name="icon8.png" crc="70578951" ref="index"/>
    <file name="icon9.png" crc="4167441691" ref="index"/>
    <file name="point3.gif" crc="493571294" ref="index"/>
    <file name="zoom.png" crc="514509718" ref="index"/>
    <file name="three-columns-07.jpg" crc="3896232172" ref="index"/>
    <file name="slideshow-gallery-02.jpg" crc="3871182933" ref="index"/>
    <file name="banner14-u4052-fr.jpg" crc="353770821" ref="index"/>
    <file name="point1.gif" crc="221520480" ref="index"/>
    <file name="point2.gif" crc="4032772269" ref="index"/>
    <file name="1600x900-green.gif" crc="4171795432" ref="index"/>
    <file name="icon1.png" crc="147643530" ref="index"/>
    <file name="icon2.png" crc="3859680045" ref="index"/>
    <file name="icon3.png" crc="8736141" ref="index"/>
    <file name="icon4.png" crc="4026952969" ref="index"/>
    <file name="icon5.png" crc="323733124" ref="index"/>
    <file name="292x214.gif" crc="462402358" ref="index"/>
    <file name="292x214-u3871-3-r-fr.png" crc="4108603173" ref="index"/>
    <file name="916x600.gif" crc="3943022584" ref="index"/>
    <file name="graphic-rivera.png" crc="431517882" ref="index"/>
    <file name="client1.png" crc="348255575" ref="index"/>
    <file name="client2.png" crc="82122073" ref="index"/>
    <file name="client3.png" crc="3782438182" ref="index"/>
    <file name="client4.png" crc="216791643" ref="index"/>
    <file name="client5.png" crc="499510184" ref="index"/>
    <file name="client6.png" crc="4177706694" ref="index"/>
    <file name="1600x900-orange.gif" crc="3875641245" ref="index"/>
    <file name="america.png" crc="366278553" ref="index"/>
    <file name="136x136.gif" crc="4284341794" ref="index"/>
    <file name="africa.png" crc="240085616" ref="index"/>
    <file name="asia.png" crc="4214658578" ref="index"/>
    <file name="little-image-8.png" crc="230225591" ref="index"/>
    <file name="little-image-7.png" crc="472664021" ref="index"/>
    <file name="little-image-not-available.png" crc="411683392" ref="index"/>
    <file name="australia.png" crc="4077774540" ref="index"/>
    <file name="sudamerica.png" crc="4156886640" ref="index"/>
    <file name="europa.png" crc="4182605993" ref="index"/>
    <file name="america-u4885-fr.png" crc="3875400834" ref="index"/>
    <file name="africa-u4888-fr.png" crc="3787805490" ref="index"/>
    <file name="asia-u4887-fr.png" crc="196977912" ref="index"/>
    <file name="australia-u4886-fr.png" crc="4212857205" ref="index"/>
    <file name="sudamerica-u4889-fr.png" crc="4032303450" ref="index"/>
    <file name="europa-u4955-fr.png" crc="4222594809" ref="index"/>
    <file name="left-white-u4895-fr.png" crc="206965140" ref="index"/>
    <file name="right-white-u4936-fr.png" crc="244785836" ref="index"/>
    <file name="120x120.gif" crc="3903664809" ref="index"/>
    <file name="left-white-u5394-fr.png" crc="3763473697" ref="index"/>
    <file name="right-white-u5393-fr.png" crc="52395962" ref="index"/>
    <file name="comillas1-u4424-fr.png" crc="3942379934" ref="index"/>
    <file name="comillas1.png" crc="309451632" ref="index"/>
    <file name="1600x900-blue.gif" crc="460882866" ref="index"/>
    <file name="u3803-17.png" crc="3984350931" ref="index"/>
    <file name="u3803-17-r.png" crc="3880213130" ref="index"/>
    <file name="u3803-17-m.png" crc="3880213130" ref="index"/>
    <file name="u3803-17-fs.png" crc="3984350931" ref="index"/>
    <file name="526x274.gif" crc="455410074" ref="index"/>
  </folder>
  <file name="short-codes.html" crc="258244800" mt="1381614143380"/>
  <file name="index.html" crc="530207704" mt="1381614635862"/>
</manifest>